piece,side,x,y
piece_0,side_0,601,265
piece_0,side_0,601,266
piece_0,side_0,601,267
piece_0,side_0,601,268
piece_0,side_0,601,269
piece_0,side_0,601,270
piece_0,side_0,601,271
piece_0,side_0,601,272
piece_0,side_0,601,273
piece_0,side_0,601,274
piece_0,side_0,601,275
piece_0,side_0,601,276
piece_0,side_0,601,277
piece_0,side_0,601,278
piece_0,side_0,601,279
piece_0,side_0,601,280
piece_0,side_0,601,281
piece_0,side_0,601,282
piece_0,side_0,601,283
piece_0,side_0,601,284
piece_0,side_0,601,285
piece_0,side_0,601,286
piece_0,side_0,601,287
piece_0,side_0,601,288
piece_0,side_0,601,289
piece_0,side_0,601,290
piece_0,side_0,601,291
piece_0,side_0,601,292
piece_0,side_0,601,293
piece_0,side_0,601,294
piece_0,side_0,601,295
piece_0,side_0,601,296
piece_0,side_0,601,297
piece_0,side_0,601,298
piece_0,side_0,601,299
piece_0,side_0,601,300
piece_0,side_0,600,301
piece_0,side_0,600,302
piece_0,side_0,600,303
piece_0,side_0,599,304
piece_0,side_0,599,305
piece_0,side_0,598,305
piece_0,side_0,597,306
piece_0,side_0,596,306
piece_0,side_0,595,306
piece_0,side_0,594,306
piece_0,side_0,593,305
piece_0,side_0,592,305
piece_0,side_0,591,305
piece_0,side_0,591,304
piece_0,side_0,590,304
piece_0,side_0,590,303
piece_0,side_0,589,303
piece_0,side_0,588,302
piece_0,side_0,587,302
piece_0,side_0,587,301
piece_0,side_0,586,301
piece_0,side_0,586,300
piece_0,side_0,585,300
piece_0,side_0,585,299
piece_0,side_0,584,299
piece_0,side_0,583,298
piece_0,side_0,582,298
piece_0,side_0,582,297
piece_0,side_0,581,297
piece_0,side_0,581,296
piece_0,side_0,580,296
piece_0,side_0,579,295
piece_0,side_0,578,295
piece_0,side_0,577,295
piece_0,side_0,576,295
piece_0,side_0,575,295
piece_0,side_0,574,295
piece_0,side_0,573,295
piece_0,side_0,572,296
piece_0,side_0,571,296
piece_0,side_0,570,297
piece_0,side_0,569,297
piece_0,side_0,568,298
piece_0,side_0,567,298
piece_0,side_0,567,299
piece_0,side_0,566,299
piece_0,side_0,566,300
piece_0,side_0,565,300
piece_0,side_0,565,301
piece_0,side_0,564,302
piece_0,side_0,564,303
piece_0,side_0,563,304
piece_0,side_0,563,305
piece_0,side_0,562,306
piece_0,side_0,562,307
piece_0,side_0,562,308
piece_0,side_0,561,309
piece_0,side_0,561,310
piece_0,side_0,561,311
piece_0,side_0,561,312
piece_0,side_0,561,313
piece_0,side_0,561,314
piece_0,side_0,560,315
piece_0,side_0,560,316
piece_0,side_0,560,317
piece_0,side_0,560,318
piece_0,side_0,560,319
piece_0,side_0,560,320
piece_0,side_0,560,321
piece_0,side_0,561,322
piece_0,side_0,561,323
piece_0,side_0,561,324
piece_0,side_0,561,325
piece_0,side_0,561,326
piece_0,side_0,561,327
piece_0,side_0,562,328
piece_0,side_0,562,329
piece_0,side_0,562,330
piece_0,side_0,563,331
piece_0,side_0,563,332
piece_0,side_0,564,333
piece_0,side_0,564,334
piece_0,side_0,565,335
piece_0,side_0,565,336
piece_0,side_0,566,336
piece_0,side_0,566,337
piece_0,side_0,567,337
piece_0,side_0,567,338
piece_0,side_0,568,338
piece_0,side_0,568,339
piece_0,side_0,569,339
piece_0,side_0,569,340
piece_0,side_0,570,340
piece_0,side_0,571,341
piece_0,side_0,572,341
piece_0,side_0,573,342
piece_0,side_0,574,342
piece_0,side_0,575,342
piece_0,side_0,576,342
piece_0,side_0,577,342
piece_0,side_0,578,342
piece_0,side_0,579,342
piece_0,side_0,580,342
piece_0,side_0,581,341
piece_0,side_0,582,341
piece_0,side_0,582,340
piece_0,side_0,583,340
piece_0,side_0,584,339
piece_0,side_0,585,339
piece_0,side_0,585,338
piece_0,side_0,586,338
piece_0,side_0,586,337
piece_0,side_0,587,337
piece_0,side_0,588,336
piece_0,side_0,589,336
piece_0,side_0,589,335
piece_0,side_0,590,335
piece_0,side_0,591,334
piece_0,side_0,592,334
piece_0,side_0,593,334
piece_0,side_0,594,333
piece_0,side_0,595,333
piece_0,side_0,596,333
piece_0,side_0,597,333
piece_0,side_0,598,334
piece_0,side_0,599,334
piece_0,side_0,599,335
piece_0,side_0,600,335
piece_0,side_0,600,336
piece_0,side_0,601,337
piece_0,side_0,601,338
piece_0,side_0,601,339
piece_0,side_0,601,340
piece_0,side_0,601,341
piece_0,side_0,602,342
piece_0,side_0,602,343
piece_0,side_0,602,344
piece_0,side_0,602,345
piece_0,side_0,602,346
piece_0,side_0,602,347
piece_0,side_0,601,348
piece_0,side_0,601,349
piece_0,side_0,601,350
piece_0,side_0,601,351
piece_0,side_0,601,352
piece_0,side_0,601,353
piece_0,side_0,601,354
piece_0,side_0,601,355
piece_0,side_0,601,356
piece_0,side_0,601,357
piece_0,side_0,601,358
piece_0,side_0,601,359
piece_0,side_0,601,360
piece_0,side_0,601,361
piece_0,side_0,601,362
piece_0,side_0,601,363
piece_0,side_0,601,364
piece_0,side_0,601,365
piece_0,side_0,601,366
piece_0,side_0,601,367
piece_0,side_0,601,368
piece_0,side_0,601,369
piece_0,side_0,601,370
piece_0,side_0,601,371
piece_0,side_0,601,372
piece_0,side_0,601,373
piece_0,side_0,601,374
piece_0,side_0,601,375
piece_0,side_0,601,376
piece_0,side_0,601,377
piece_0,side_0,601,378
piece_0,side_0,601,379
piece_0,side_0,601,380
piece_0,side_0,601,381
piece_0,side_0,601,382
piece_0,side_0,602,383
piece_0,side_0,602,384
piece_0,side_0,603,385
piece_0,side_0,603,386
piece_0,side_0,604,386
piece_0,side_1,606,387
piece_0,side_1,607,387
piece_0,side_1,608,387
piece_0,side_1,609,387
piece_0,side_1,610,387
piece_0,side_1,611,387
piece_0,side_1,612,388
piece_0,side_1,613,388
piece_0,side_1,614,388
piece_0,side_1,615,388
piece_0,side_1,616,388
piece_0,side_1,617,388
piece_0,side_1,618,388
piece_0,side_1,619,388
piece_0,side_1,620,388
piece_0,side_1,621,388
piece_0,side_1,622,388
piece_0,side_1,623,388
piece_0,side_1,624,388
piece_0,side_1,625,388
piece_0,side_1,626,388
piece_0,side_1,627,388
piece_0,side_1,628,388
piece_0,side_1,629,388
piece_0,side_1,630,388
piece_0,side_1,631,388
piece_0,side_1,632,388
piece_0,side_1,633,388
piece_0,side_1,634,388
piece_0,side_1,635,388
piece_0,side_1,636,388
piece_0,side_1,637,388
piece_0,side_1,638,388
piece_0,side_1,639,388
piece_0,side_1,640,388
piece_0,side_1,641,388
piece_0,side_1,642,388
piece_0,side_1,643,388
piece_0,side_1,644,388
piece_0,side_1,645,388
piece_0,side_1,646,388
piece_0,side_1,647,389
piece_0,side_1,648,389
piece_0,side_1,649,389
piece_0,side_1,650,389
piece_0,side_1,651,389
piece_0,side_1,652,389
piece_0,side_1,653,389
piece_0,side_1,654,389
piece_0,side_1,655,389
piece_0,side_1,656,389
piece_0,side_1,657,389
piece_0,side_1,658,389
piece_0,side_1,659,389
piece_0,side_1,660,389
piece_0,side_1,661,389
piece_0,side_1,662,389
piece_0,side_1,663,389
piece_0,side_1,664,389
piece_0,side_1,665,389
piece_0,side_1,666,389
piece_0,side_1,667,389
piece_0,side_1,668,389
piece_0,side_1,669,389
piece_0,side_1,670,389
piece_0,side_1,671,389
piece_0,side_1,672,389
piece_0,side_1,673,389
piece_0,side_1,674,389
piece_0,side_1,675,389
piece_0,side_1,676,389
piece_0,side_1,677,389
piece_0,side_1,678,389
piece_0,side_1,679,389
piece_0,side_1,680,389
piece_0,side_1,681,389
piece_0,side_1,682,389
piece_0,side_1,683,389
piece_0,side_1,684,389
piece_0,side_1,685,389
piece_0,side_1,686,389
piece_0,side_1,687,389
piece_0,side_1,688,389
piece_0,side_1,689,389
piece_0,side_1,690,389
piece_0,side_1,691,389
piece_0,side_1,692,389
piece_0,side_1,693,389
piece_0,side_1,694,389
piece_0,side_1,695,389
piece_0,side_1,696,389
piece_0,side_1,697,389
piece_0,side_1,698,389
piece_0,side_1,699,389
piece_0,side_1,700,389
piece_0,side_1,701,389
piece_0,side_1,702,389
piece_0,side_1,703,389
piece_0,side_1,704,389
piece_0,side_1,705,389
piece_0,side_1,706,389
piece_0,side_1,707,389
piece_0,side_1,708,389
piece_0,side_1,709,389
piece_0,side_1,710,389
piece_0,side_1,711,389
piece_0,side_1,712,389
piece_0,side_1,713,389
piece_0,side_1,714,389
piece_0,side_1,715,389
piece_0,side_1,716,389
piece_0,side_1,717,389
piece_0,side_1,718,390
piece_0,side_1,719,390
piece_0,side_1,720,390
piece_0,side_1,721,390
piece_0,side_1,722,390
piece_0,side_1,723,390
piece_0,side_1,724,390
piece_0,side_1,725,390
piece_0,side_1,726,390
piece_0,side_1,727,390
piece_0,side_1,728,390
piece_0,side_1,729,390
piece_0,side_1,730,390
piece_0,side_1,731,390
piece_0,side_1,732,390
piece_0,side_1,733,390
piece_0,side_1,734,390
piece_0,side_1,735,390
piece_0,side_1,736,390
piece_0,side_1,737,390
piece_0,side_1,738,390
piece_0,side_1,739,390
piece_0,side_1,740,390
piece_0,side_1,741,390
piece_0,side_1,742,390
piece_0,side_1,743,390
piece_0,side_1,744,390
piece_0,side_1,745,390
piece_0,side_1,746,390
piece_0,side_1,747,390
piece_0,side_1,748,390
piece_0,side_1,749,390
piece_0,side_1,750,390
piece_0,side_1,751,390
piece_0,side_1,752,390
piece_0,side_1,753,390
piece_0,side_1,754,390
piece_0,side_1,755,390
piece_0,side_1,756,390
piece_0,side_1,757,390
piece_0,side_1,758,390
piece_0,side_1,759,390
piece_0,side_1,760,390
piece_0,side_1,761,390
piece_0,side_1,762,390
piece_0,side_1,763,390
piece_0,side_1,764,390
piece_0,side_1,765,390
piece_0,side_1,766,390
piece_0,side_1,767,390
piece_0,side_1,768,390
piece_0,side_1,769,390
piece_0,side_1,770,390
piece_0,side_1,771,390
piece_0,side_1,772,390
piece_0,side_1,773,390
piece_0,side_1,774,390
piece_0,side_1,775,390
piece_0,side_1,776,390
piece_0,side_1,777,389
piece_0,side_1,778,388
piece_0,side_2,779,387
piece_0,side_2,779,386
piece_0,side_2,779,385
piece_0,side_2,779,384
piece_0,side_2,779,383
piece_0,side_2,779,382
piece_0,side_2,779,381
piece_0,side_2,779,380
piece_0,side_2,779,379
piece_0,side_2,779,378
piece_0,side_2,779,377
piece_0,side_2,779,376
piece_0,side_2,779,375
piece_0,side_2,779,374
piece_0,side_2,779,373
piece_0,side_2,779,372
piece_0,side_2,779,371
piece_0,side_2,779,370
piece_0,side_2,779,369
piece_0,side_2,779,368
piece_0,side_2,779,367
piece_0,side_2,778,366
piece_0,side_2,778,365
piece_0,side_2,778,364
piece_0,side_2,778,363
piece_0,side_2,778,362
piece_0,side_2,778,361
piece_0,side_2,778,360
piece_0,side_2,778,359
piece_0,side_2,778,358
piece_0,side_2,778,357
piece_0,side_2,778,356
piece_0,side_2,778,355
piece_0,side_2,777,354
piece_0,side_2,777,353
piece_0,side_2,777,352
piece_0,side_2,777,351
piece_0,side_2,777,350
piece_0,side_2,777,349
piece_0,side_2,777,348
piece_0,side_2,777,347
piece_0,side_2,777,346
piece_0,side_2,777,345
piece_0,side_2,777,344
piece_0,side_2,777,343
piece_0,side_2,777,342
piece_0,side_2,777,341
piece_0,side_2,777,340
piece_0,side_2,777,339
piece_0,side_2,777,338
piece_0,side_2,777,337
piece_0,side_2,776,336
piece_0,side_2,776,335
piece_0,side_2,776,334
piece_0,side_2,776,333
piece_0,side_2,776,332
piece_0,side_2,776,331
piece_0,side_2,776,330
piece_0,side_2,776,329
piece_0,side_2,776,328
piece_0,side_2,776,327
piece_0,side_2,776,326
piece_0,side_2,776,325
piece_0,side_2,776,324
piece_0,side_2,776,323
piece_0,side_2,776,322
piece_0,side_2,776,321
piece_0,side_2,776,320
piece_0,side_2,776,319
piece_0,side_2,776,318
piece_0,side_2,776,317
piece_0,side_2,776,316
piece_0,side_2,776,315
piece_0,side_2,776,314
piece_0,side_2,776,313
piece_0,side_2,776,312
piece_0,side_2,776,311
piece_0,side_2,776,310
piece_0,side_2,776,309
piece_0,side_2,776,308
piece_0,side_2,776,307
piece_0,side_2,776,306
piece_0,side_2,776,305
piece_0,side_2,776,304
piece_0,side_2,775,303
piece_0,side_2,775,302
piece_0,side_2,775,301
piece_0,side_2,775,300
piece_0,side_2,775,299
piece_0,side_2,775,298
piece_0,side_2,775,297
piece_0,side_2,775,296
piece_0,side_2,775,295
piece_0,side_2,775,294
piece_0,side_2,775,293
piece_0,side_2,774,292
piece_0,side_2,774,291
piece_0,side_2,774,290
piece_0,side_2,774,289
piece_0,side_2,774,288
piece_0,side_2,774,287
piece_0,side_2,773,286
piece_0,side_2,773,285
piece_0,side_2,773,284
piece_0,side_2,773,283
piece_0,side_2,773,282
piece_0,side_2,773,281
piece_0,side_2,773,280
piece_0,side_2,772,279
piece_0,side_2,772,278
piece_0,side_2,772,277
piece_0,side_2,772,276
piece_0,side_2,772,275
piece_0,side_2,772,274
piece_0,side_2,772,273
piece_0,side_2,772,272
piece_0,side_2,772,271
piece_0,side_2,771,270
piece_0,side_2,771,269
piece_0,side_2,771,268
piece_0,side_2,770,267
piece_0,side_2,769,267
piece_0,side_2,768,267
piece_0,side_3,766,267
piece_0,side_3,765,266
piece_0,side_3,764,266
piece_0,side_3,763,266
piece_0,side_3,762,266
piece_0,side_3,761,266
piece_0,side_3,760,266
piece_0,side_3,759,266
piece_0,side_3,758,266
piece_0,side_3,757,266
piece_0,side_3,756,266
piece_0,side_3,755,265
piece_0,side_3,754,265
piece_0,side_3,753,265
piece_0,side_3,752,265
piece_0,side_3,751,265
piece_0,side_3,750,265
piece_0,side_3,749,265
piece_0,side_3,748,265
piece_0,side_3,747,265
piece_0,side_3,746,265
piece_0,side_3,745,265
piece_0,side_3,744,265
piece_0,side_3,743,265
piece_0,side_3,742,265
piece_0,side_3,741,265
piece_0,side_3,740,265
piece_0,side_3,739,265
piece_0,side_3,738,264
piece_0,side_3,737,264
piece_0,side_3,736,264
piece_0,side_3,735,264
piece_0,side_3,734,264
piece_0,side_3,733,264
piece_0,side_3,732,264
piece_0,side_3,731,264
piece_0,side_3,730,264
piece_0,side_3,729,264
piece_0,side_3,728,264
piece_0,side_3,727,264
piece_0,side_3,726,264
piece_0,side_3,725,264
piece_0,side_3,724,264
piece_0,side_3,723,264
piece_0,side_3,722,264
piece_0,side_3,721,264
piece_0,side_3,720,264
piece_0,side_3,719,264
piece_0,side_3,718,264
piece_0,side_3,717,264
piece_0,side_3,716,264
piece_0,side_3,715,263
piece_0,side_3,714,263
piece_0,side_3,713,263
piece_0,side_3,712,263
piece_0,side_3,711,263
piece_0,side_3,710,263
piece_0,side_3,709,263
piece_0,side_3,708,263
piece_0,side_3,707,263
piece_0,side_3,706,263
piece_0,side_3,705,263
piece_0,side_3,704,263
piece_0,side_3,703,263
piece_0,side_3,702,263
piece_0,side_3,701,263
piece_0,side_3,700,263
piece_0,side_3,699,263
piece_0,side_3,698,264
piece_0,side_3,697,264
piece_0,side_3,696,264
piece_0,side_3,695,264
piece_0,side_3,694,264
piece_0,side_3,693,265
piece_0,side_3,692,265
piece_0,side_3,691,266
piece_0,side_3,690,266
piece_0,side_3,689,267
piece_0,side_3,688,267
piece_0,side_3,688,268
piece_0,side_3,687,269
piece_0,side_3,687,270
piece_0,side_3,686,271
piece_0,side_3,686,272
piece_0,side_3,685,273
piece_0,side_3,685,274
piece_0,side_3,685,275
piece_0,side_3,686,276
piece_0,side_3,686,277
piece_0,side_3,686,278
piece_0,side_3,687,279
piece_0,side_3,687,280
piece_0,side_3,688,281
piece_0,side_3,688,282
piece_0,side_3,689,283
piece_0,side_3,689,284
piece_0,side_3,690,285
piece_0,side_3,690,286
piece_0,side_3,691,287
piece_0,side_3,691,288
piece_0,side_3,692,288
piece_0,side_3,692,289
piece_0,side_3,693,290
piece_0,side_3,693,291
piece_0,side_3,694,291
piece_0,side_3,694,292
piece_0,side_3,694,293
piece_0,side_3,694,294
piece_0,side_3,694,295
piece_0,side_3,694,296
piece_0,side_3,694,297
piece_0,side_3,693,297
piece_0,side_3,693,298
piece_0,side_3,692,299
piece_0,side_3,692,300
piece_0,side_3,691,300
piece_0,side_3,690,301
piece_0,side_3,689,301
piece_0,side_3,688,301
piece_0,side_3,687,302
piece_0,side_3,686,302
piece_0,side_3,685,302
piece_0,side_3,684,302
piece_0,side_3,683,302
piece_0,side_3,682,302
piece_0,side_3,681,302
piece_0,side_3,680,302
piece_0,side_3,679,302
piece_0,side_3,678,301
piece_0,side_3,677,301
piece_0,side_3,676,301
piece_0,side_3,675,301
piece_0,side_3,674,301
piece_0,side_3,673,301
piece_0,side_3,672,301
piece_0,side_3,671,301
piece_0,side_3,670,300
piece_0,side_3,669,300
piece_0,side_3,668,300
piece_0,side_3,667,300
piece_0,side_3,666,299
piece_0,side_3,665,299
piece_0,side_3,664,298
piece_0,side_3,663,298
piece_0,side_3,662,297
piece_0,side_3,661,297
piece_0,side_3,661,296
piece_0,side_3,660,296
piece_0,side_3,660,295
piece_0,side_3,659,295
piece_0,side_3,659,294
piece_0,side_3,658,293
piece_0,side_3,658,292
piece_0,side_3,659,291
piece_0,side_3,659,290
piece_0,side_3,660,289
piece_0,side_3,660,288
piece_0,side_3,661,288
piece_0,side_3,661,287
piece_0,side_3,662,287
piece_0,side_3,662,286
piece_0,side_3,663,285
piece_0,side_3,663,284
piece_0,side_3,664,283
piece_0,side_3,664,282
piece_0,side_3,665,281
piece_0,side_3,665,280
piece_0,side_3,665,279
piece_0,side_3,666,278
piece_0,side_3,666,277
piece_0,side_3,666,276
piece_0,side_3,667,275
piece_0,side_3,667,274
piece_0,side_3,667,273
piece_0,side_3,667,272
piece_0,side_3,667,271
piece_0,side_3,667,270
piece_0,side_3,667,269
piece_0,side_3,666,268
piece_0,side_3,666,267
piece_0,side_3,665,266
piece_0,side_3,665,265
piece_0,side_3,664,265
piece_0,side_3,664,264
piece_0,side_3,663,264
piece_0,side_3,662,263
piece_0,side_3,661,263
piece_0,side_3,660,262
piece_0,side_3,659,262
piece_0,side_3,658,261
piece_0,side_3,657,261
piece_0,side_3,656,261
piece_0,side_3,655,261
piece_0,side_3,654,261
piece_0,side_3,653,260
piece_0,side_3,652,260
piece_0,side_3,651,260
piece_0,side_3,650,260
piece_0,side_3,649,260
piece_0,side_3,648,260
piece_0,side_3,647,260
piece_0,side_3,646,260
piece_0,side_3,645,260
piece_0,side_3,644,260
piece_0,side_3,643,259
piece_0,side_3,642,259
piece_0,side_3,641,259
piece_0,side_3,640,259
piece_0,side_3,639,259
piece_0,side_3,638,259
piece_0,side_3,637,259
piece_0,side_3,636,259
piece_0,side_3,635,259
piece_0,side_3,634,259
piece_0,side_3,633,259
piece_0,side_3,632,259
piece_0,side_3,631,259
piece_0,side_3,630,259
piece_0,side_3,629,259
piece_0,side_3,628,259
piece_0,side_3,627,259
piece_0,side_3,626,259
piece_0,side_3,625,259
piece_0,side_3,624,258
piece_0,side_3,623,258
piece_0,side_3,622,258
piece_0,side_3,621,258
piece_0,side_3,620,258
piece_0,side_3,619,258
piece_0,side_3,618,258
piece_0,side_3,617,258
piece_0,side_3,616,259
piece_0,side_3,615,259
piece_0,side_3,614,259
piece_0,side_3,613,259
piece_0,side_3,612,259
piece_0,side_3,611,259
piece_0,side_3,610,258
piece_0,side_3,609,258
piece_0,side_3,608,258
piece_0,side_3,607,258
piece_0,side_3,606,258
piece_0,side_3,605,258
piece_0,side_3,603,259
piece_0,side_3,602,259
piece_0,side_3,602,260
piece_0,side_3,601,261
piece_0,side_3,601,262
piece_0,side_3,601,263
piece_1,side_0,110,256
piece_1,side_0,110,257
piece_1,side_0,110,258
piece_1,side_0,110,259
piece_1,side_0,110,260
piece_1,side_0,109,261
piece_1,side_0,109,262
piece_1,side_0,109,263
piece_1,side_0,109,264
piece_1,side_0,109,265
piece_1,side_0,109,266
piece_1,side_0,109,267
piece_1,side_0,109,268
piece_1,side_0,109,269
piece_1,side_0,109,270
piece_1,side_0,109,271
piece_1,side_0,109,272
piece_1,side_0,109,273
piece_1,side_0,109,274
piece_1,side_0,109,275
piece_1,side_0,109,276
piece_1,side_0,109,277
piece_1,side_0,109,278
piece_1,side_0,109,279
piece_1,side_0,108,280
piece_1,side_0,108,281
piece_1,side_0,108,282
piece_1,side_0,108,283
piece_1,side_0,108,284
piece_1,side_0,108,285
piece_1,side_0,108,286
piece_1,side_0,108,287
piece_1,side_0,108,288
piece_1,side_0,108,289
piece_1,side_0,108,290
piece_1,side_0,108,291
piece_1,side_0,108,292
piece_1,side_0,108,293
piece_1,side_0,108,294
piece_1,side_0,108,295
piece_1,side_0,108,296
piece_1,side_0,108,297
piece_1,side_0,108,298
piece_1,side_0,108,299
piece_1,side_0,108,300
piece_1,side_0,108,301
piece_1,side_0,108,302
piece_1,side_0,107,303
piece_1,side_0,107,304
piece_1,side_0,107,305
piece_1,side_0,107,306
piece_1,side_0,107,307
piece_1,side_0,107,308
piece_1,side_0,107,309
piece_1,side_0,107,310
piece_1,side_0,107,311
piece_1,side_0,107,312
piece_1,side_0,107,313
piece_1,side_0,107,314
piece_1,side_0,107,315
piece_1,side_0,107,316
piece_1,side_0,107,317
piece_1,side_0,107,318
piece_1,side_0,107,319
piece_1,side_0,107,320
piece_1,side_0,107,321
piece_1,side_0,106,322
piece_1,side_0,106,323
piece_1,side_0,106,324
piece_1,side_0,106,325
piece_1,side_0,106,326
piece_1,side_0,106,327
piece_1,side_0,106,328
piece_1,side_0,106,329
piece_1,side_0,106,330
piece_1,side_0,106,331
piece_1,side_0,106,332
piece_1,side_0,106,333
piece_1,side_0,106,334
piece_1,side_0,106,335
piece_1,side_0,106,336
piece_1,side_0,106,337
piece_1,side_0,106,338
piece_1,side_0,106,339
piece_1,side_0,106,340
piece_1,side_0,105,341
piece_1,side_0,105,342
piece_1,side_0,105,343
piece_1,side_0,105,344
piece_1,side_0,105,345
piece_1,side_0,105,346
piece_1,side_0,105,347
piece_1,side_0,105,348
piece_1,side_0,105,349
piece_1,side_0,105,350
piece_1,side_0,105,351
piece_1,side_0,105,352
piece_1,side_0,105,353
piece_1,side_0,105,354
piece_1,side_0,105,355
piece_1,side_0,105,356
piece_1,side_0,105,357
piece_1,side_0,105,358
piece_1,side_0,105,359
piece_1,side_0,105,360
piece_1,side_0,105,361
piece_1,side_0,105,362
piece_1,side_0,105,363
piece_1,side_0,105,364
piece_1,side_0,105,365
piece_1,side_0,105,366
piece_1,side_0,105,367
piece_1,side_0,105,368
piece_1,side_0,105,369
piece_1,side_0,105,370
piece_1,side_0,105,371
piece_1,side_0,105,372
piece_1,side_0,105,373
piece_1,side_0,105,374
piece_1,side_0,105,375
piece_1,side_0,105,376
piece_1,side_0,105,377
piece_1,side_0,105,378
piece_1,side_0,105,379
piece_1,side_0,105,380
piece_1,side_0,105,381
piece_1,side_0,106,382
piece_1,side_0,106,383
piece_1,side_0,106,384
piece_1,side_1,107,386
piece_1,side_1,107,387
piece_1,side_1,108,388
piece_1,side_1,108,389
piece_1,side_1,109,389
piece_1,side_1,110,390
piece_1,side_1,111,390
piece_1,side_1,112,390
piece_1,side_1,113,390
piece_1,side_1,114,390
piece_1,side_1,115,390
piece_1,side_1,116,390
piece_1,side_1,117,390
piece_1,side_1,118,390
piece_1,side_1,119,390
piece_1,side_1,120,390
piece_1,side_1,121,390
piece_1,side_1,122,390
piece_1,side_1,123,390
piece_1,side_1,124,390
piece_1,side_1,125,390
piece_1,side_1,126,390
piece_1,side_1,127,390
piece_1,side_1,128,390
piece_1,side_1,129,390
piece_1,side_1,130,390
piece_1,side_1,131,390
piece_1,side_1,132,390
piece_1,side_1,133,390
piece_1,side_1,134,390
piece_1,side_1,135,390
piece_1,side_1,136,390
piece_1,side_1,137,390
piece_1,side_1,138,390
piece_1,side_1,139,390
piece_1,side_1,140,390
piece_1,side_1,141,390
piece_1,side_1,142,389
piece_1,side_1,143,389
piece_1,side_1,144,389
piece_1,side_1,145,389
piece_1,side_1,146,389
piece_1,side_1,147,389
piece_1,side_1,148,389
piece_1,side_1,149,389
piece_1,side_1,150,389
piece_1,side_1,151,389
piece_1,side_1,152,389
piece_1,side_1,153,389
piece_1,side_1,154,389
piece_1,side_1,155,389
piece_1,side_1,156,389
piece_1,side_1,157,389
piece_1,side_1,158,389
piece_1,side_1,159,389
piece_1,side_1,160,389
piece_1,side_1,161,389
piece_1,side_1,162,389
piece_1,side_1,163,389
piece_1,side_1,164,389
piece_1,side_1,165,389
piece_1,side_1,166,389
piece_1,side_1,167,389
piece_1,side_1,168,389
piece_1,side_1,169,389
piece_1,side_1,170,388
piece_1,side_1,171,388
piece_1,side_1,172,388
piece_1,side_1,173,388
piece_1,side_1,174,388
piece_1,side_1,175,388
piece_1,side_1,176,388
piece_1,side_1,177,388
piece_1,side_1,178,388
piece_1,side_1,179,388
piece_1,side_1,180,388
piece_1,side_1,181,388
piece_1,side_1,182,388
piece_1,side_1,183,388
piece_1,side_1,184,388
piece_1,side_1,185,388
piece_1,side_1,186,388
piece_1,side_1,187,388
piece_1,side_1,188,388
piece_1,side_1,189,388
piece_1,side_1,190,388
piece_1,side_1,191,388
piece_1,side_1,192,388
piece_1,side_1,193,388
piece_1,side_1,194,388
piece_1,side_1,195,388
piece_1,side_1,196,388
piece_1,side_1,197,388
piece_1,side_1,198,388
piece_1,side_1,199,388
piece_1,side_1,200,388
piece_1,side_1,201,388
piece_1,side_1,202,388
piece_1,side_1,203,388
piece_1,side_1,204,388
piece_1,side_1,205,388
piece_1,side_1,206,388
piece_1,side_1,207,388
piece_1,side_1,208,388
piece_1,side_1,209,388
piece_1,side_1,210,388
piece_1,side_1,211,388
piece_1,side_1,212,388
piece_1,side_1,213,388
piece_1,side_1,214,387
piece_1,side_1,215,387
piece_1,side_1,216,387
piece_1,side_1,217,387
piece_1,side_1,218,387
piece_1,side_1,219,387
piece_1,side_1,220,387
piece_1,side_1,221,387
piece_1,side_1,222,387
piece_1,side_1,223,387
piece_1,side_1,224,387
piece_1,side_1,225,387
piece_1,side_1,226,387
piece_1,side_1,227,387
piece_1,side_1,228,387
piece_1,side_1,229,387
piece_1,side_1,230,387
piece_1,side_1,231,387
piece_1,side_1,232,387
piece_1,side_1,233,387
piece_1,side_1,234,387
piece_1,side_1,235,387
piece_1,side_1,236,387
piece_1,side_1,237,387
piece_1,side_1,238,387
piece_1,side_1,239,387
piece_1,side_1,240,387
piece_1,side_1,241,387
piece_1,side_1,242,387
piece_1,side_1,243,387
piece_1,side_1,244,387
piece_1,side_1,245,387
piece_1,side_1,246,387
piece_1,side_1,247,387
piece_1,side_1,248,387
piece_1,side_1,249,387
piece_1,side_1,250,387
piece_1,side_1,251,387
piece_1,side_1,252,387
piece_1,side_1,253,387
piece_1,side_1,254,387
piece_1,side_1,255,387
piece_1,side_1,256,387
piece_1,side_1,257,387
piece_1,side_1,258,387
piece_1,side_1,259,387
piece_1,side_1,260,387
piece_1,side_1,261,387
piece_1,side_1,262,387
piece_1,side_1,263,387
piece_1,side_1,264,386
piece_1,side_1,265,386
piece_1,side_1,266,386
piece_1,side_1,267,386
piece_1,side_1,268,386
piece_1,side_1,269,386
piece_1,side_1,270,386
piece_1,side_1,271,386
piece_1,side_2,272,385
piece_1,side_2,273,384
piece_1,side_2,273,383
piece_1,side_2,273,382
piece_1,side_2,273,381
piece_1,side_2,273,380
piece_1,side_2,273,379
piece_1,side_2,273,378
piece_1,side_2,273,377
piece_1,side_2,273,376
piece_1,side_2,273,375
piece_1,side_2,273,374
piece_1,side_2,273,373
piece_1,side_2,273,372
piece_1,side_2,273,371
piece_1,side_2,273,370
piece_1,side_2,273,369
piece_1,side_2,273,368
piece_1,side_2,274,367
piece_1,side_2,274,366
piece_1,side_2,274,365
piece_1,side_2,274,364
piece_1,side_2,274,363
piece_1,side_2,274,362
piece_1,side_2,274,361
piece_1,side_2,274,360
piece_1,side_2,274,359
piece_1,side_2,274,358
piece_1,side_2,274,357
piece_1,side_2,274,356
piece_1,side_2,274,355
piece_1,side_2,274,354
piece_1,side_2,274,353
piece_1,side_2,274,352
piece_1,side_2,274,351
piece_1,side_2,275,350
piece_1,side_2,275,349
piece_1,side_2,275,348
piece_1,side_2,276,347
piece_1,side_2,276,346
piece_1,side_2,277,345
piece_1,side_2,277,344
piece_1,side_2,278,344
piece_1,side_2,278,343
piece_1,side_2,279,343
piece_1,side_2,279,342
piece_1,side_2,280,342
piece_1,side_2,281,341
piece_1,side_2,282,341
piece_1,side_2,283,341
piece_1,side_2,284,341
piece_1,side_2,285,341
piece_1,side_2,286,341
piece_1,side_2,287,342
piece_1,side_2,288,342
piece_1,side_2,288,343
piece_1,side_2,289,343
piece_1,side_2,290,344
piece_1,side_2,291,344
piece_1,side_2,292,345
piece_1,side_2,293,345
piece_1,side_2,294,345
piece_1,side_2,295,346
piece_1,side_2,296,346
piece_1,side_2,297,346
piece_1,side_2,298,346
piece_1,side_2,299,347
piece_1,side_2,300,347
piece_1,side_2,301,347
piece_1,side_2,302,347
piece_1,side_2,303,346
piece_1,side_2,304,346
piece_1,side_2,305,346
piece_1,side_2,306,346
piece_1,side_2,306,345
piece_1,side_2,307,345
piece_1,side_2,307,344
piece_1,side_2,308,344
piece_1,side_2,308,343
piece_1,side_2,309,343
piece_1,side_2,309,342
piece_1,side_2,310,342
piece_1,side_2,310,341
piece_1,side_2,311,340
piece_1,side_2,311,339
piece_1,side_2,311,338
piece_1,side_2,312,337
piece_1,side_2,312,336
piece_1,side_2,312,335
piece_1,side_2,313,334
piece_1,side_2,313,333
piece_1,side_2,313,332
piece_1,side_2,313,331
piece_1,side_2,313,330
piece_1,side_2,313,329
piece_1,side_2,314,328
piece_1,side_2,314,327
piece_1,side_2,314,326
piece_1,side_2,314,325
piece_1,side_2,314,324
piece_1,side_2,314,323
piece_1,side_2,313,322
piece_1,side_2,313,321
piece_1,side_2,313,320
piece_1,side_2,313,319
piece_1,side_2,313,318
piece_1,side_2,313,317
piece_1,side_2,312,317
piece_1,side_2,312,316
piece_1,side_2,311,315
piece_1,side_2,311,314
piece_1,side_2,310,313
piece_1,side_2,310,312
piece_1,side_2,309,312
piece_1,side_2,309,311
piece_1,side_2,308,311
piece_1,side_2,308,310
piece_1,side_2,307,310
piece_1,side_2,307,309
piece_1,side_2,306,309
piece_1,side_2,305,308
piece_1,side_2,304,308
piece_1,side_2,303,308
piece_1,side_2,302,307
piece_1,side_2,301,307
piece_1,side_2,300,307
piece_1,side_2,299,308
piece_1,side_2,298,308
piece_1,side_2,297,308
piece_1,side_2,296,309
piece_1,side_2,295,309
piece_1,side_2,294,310
piece_1,side_2,293,310
piece_1,side_2,292,311
piece_1,side_2,291,311
piece_1,side_2,290,312
piece_1,side_2,289,312
piece_1,side_2,289,313
piece_1,side_2,288,313
piece_1,side_2,287,314
piece_1,side_2,286,314
piece_1,side_2,285,314
piece_1,side_2,284,314
piece_1,side_2,283,314
piece_1,side_2,282,314
piece_1,side_2,281,314
piece_1,side_2,280,313
piece_1,side_2,279,313
piece_1,side_2,279,312
piece_1,side_2,278,311
piece_1,side_2,278,310
piece_1,side_2,277,309
piece_1,side_2,277,308
piece_1,side_2,277,307
piece_1,side_2,276,306
piece_1,side_2,276,305
piece_1,side_2,276,304
piece_1,side_2,276,303
piece_1,side_2,276,302
piece_1,side_2,276,301
piece_1,side_2,276,300
piece_1,side_2,276,299
piece_1,side_2,276,298
piece_1,side_2,276,297
piece_1,side_2,276,296
piece_1,side_2,276,295
piece_1,side_2,276,294
piece_1,side_2,276,293
piece_1,side_2,276,292
piece_1,side_2,276,291
piece_1,side_2,276,290
piece_1,side_2,276,289
piece_1,side_2,276,288
piece_1,side_2,277,287
piece_1,side_2,277,286
piece_1,side_2,277,285
piece_1,side_2,277,284
piece_1,side_2,277,283
piece_1,side_2,277,282
piece_1,side_2,277,281
piece_1,side_2,277,280
piece_1,side_2,277,279
piece_1,side_2,277,278
piece_1,side_2,277,277
piece_1,side_2,277,276
piece_1,side_2,277,275
piece_1,side_2,277,274
piece_1,side_2,277,273
piece_1,side_2,277,272
piece_1,side_2,277,271
piece_1,side_2,277,270
piece_1,side_2,277,269
piece_1,side_2,277,268
piece_1,side_2,277,267
piece_1,side_2,277,266
piece_1,side_2,277,265
piece_1,side_2,277,264
piece_1,side_2,277,263
piece_1,side_2,277,262
piece_1,side_2,277,261
piece_1,side_2,277,260
piece_1,side_2,277,259
piece_1,side_2,277,258
piece_1,side_2,277,257
piece_1,side_2,277,256
piece_1,side_2,276,255
piece_1,side_2,275,255
piece_1,side_2,274,254
piece_1,side_2,273,254
piece_1,side_3,271,254
piece_1,side_3,270,254
piece_1,side_3,269,253
piece_1,side_3,268,253
piece_1,side_3,267,253
piece_1,side_3,266,253
piece_1,side_3,265,253
piece_1,side_3,264,253
piece_1,side_3,263,253
piece_1,side_3,262,253
piece_1,side_3,261,252
piece_1,side_3,260,252
piece_1,side_3,259,252
piece_1,side_3,258,252
piece_1,side_3,257,252
piece_1,side_3,256,252
piece_1,side_3,255,252
piece_1,side_3,254,252
piece_1,side_3,253,252
piece_1,side_3,252,251
piece_1,side_3,251,251
piece_1,side_3,250,251
piece_1,side_3,249,251
piece_1,side_3,248,251
piece_1,side_3,247,251
piece_1,side_3,246,251
piece_1,side_3,245,251
piece_1,side_3,244,251
piece_1,side_3,243,250
piece_1,side_3,242,250
piece_1,side_3,241,250
piece_1,side_3,240,250
piece_1,side_3,239,250
piece_1,side_3,238,250
piece_1,side_3,237,250
piece_1,side_3,236,250
piece_1,side_3,235,249
piece_1,side_3,234,249
piece_1,side_3,233,249
piece_1,side_3,232,249
piece_1,side_3,231,249
piece_1,side_3,230,249
piece_1,side_3,229,249
piece_1,side_3,228,249
piece_1,side_3,227,249
piece_1,side_3,226,249
piece_1,side_3,225,248
piece_1,side_3,224,248
piece_1,side_3,223,248
piece_1,side_3,222,248
piece_1,side_3,221,248
piece_1,side_3,220,248
piece_1,side_3,219,248
piece_1,side_3,218,248
piece_1,side_3,217,248
piece_1,side_3,216,248
piece_1,side_3,215,248
piece_1,side_3,214,247
piece_1,side_3,213,247
piece_1,side_3,212,247
piece_1,side_3,211,247
piece_1,side_3,209,248
piece_1,side_3,208,248
piece_1,side_3,207,248
piece_1,side_3,206,249
piece_1,side_3,205,249
piece_1,side_3,204,250
piece_1,side_3,203,250
piece_1,side_3,203,251
piece_1,side_3,202,251
piece_1,side_3,202,252
piece_1,side_3,201,252
piece_1,side_3,201,253
piece_1,side_3,200,253
piece_1,side_3,200,254
piece_1,side_3,199,255
piece_1,side_3,199,256
piece_1,side_3,199,257
piece_1,side_3,198,258
piece_1,side_3,198,259
piece_1,side_3,199,260
piece_1,side_3,199,261
piece_1,side_3,199,262
piece_1,side_3,199,263
piece_1,side_3,200,264
piece_1,side_3,200,265
piece_1,side_3,201,266
piece_1,side_3,201,267
piece_1,side_3,201,268
piece_1,side_3,202,269
piece_1,side_3,202,270
piece_1,side_3,202,271
piece_1,side_3,203,272
piece_1,side_3,203,273
piece_1,side_3,204,274
piece_1,side_3,204,275
piece_1,side_3,205,276
piece_1,side_3,205,277
piece_1,side_3,205,278
piece_1,side_3,205,279
piece_1,side_3,205,280
piece_1,side_3,204,281
piece_1,side_3,204,282
piece_1,side_3,203,282
piece_1,side_3,203,283
piece_1,side_3,202,283
piece_1,side_3,202,284
piece_1,side_3,201,284
piece_1,side_3,201,285
piece_1,side_3,200,285
piece_1,side_3,199,286
piece_1,side_3,198,286
piece_1,side_3,198,287
piece_1,side_3,197,287
piece_1,side_3,196,287
piece_1,side_3,195,288
piece_1,side_3,194,288
piece_1,side_3,193,288
piece_1,side_3,192,289
piece_1,side_3,191,289
piece_1,side_3,190,289
piece_1,side_3,189,289
piece_1,side_3,188,289
piece_1,side_3,187,289
piece_1,side_3,186,289
piece_1,side_3,185,289
piece_1,side_3,184,289
piece_1,side_3,183,289
piece_1,side_3,182,289
piece_1,side_3,181,289
piece_1,side_3,180,289
piece_1,side_3,179,289
piece_1,side_3,178,288
piece_1,side_3,177,288
piece_1,side_3,176,287
piece_1,side_3,175,287
piece_1,side_3,175,286
piece_1,side_3,174,286
piece_1,side_3,174,285
piece_1,side_3,173,285
piece_1,side_3,173,284
piece_1,side_3,172,284
piece_1,side_3,172,283
piece_1,side_3,171,282
piece_1,side_3,171,281
piece_1,side_3,170,280
piece_1,side_3,170,279
piece_1,side_3,171,278
piece_1,side_3,171,277
piece_1,side_3,172,277
piece_1,side_3,172,276
piece_1,side_3,173,275
piece_1,side_3,173,274
piece_1,side_3,174,273
piece_1,side_3,174,272
piece_1,side_3,175,272
piece_1,side_3,175,271
piece_1,side_3,176,271
piece_1,side_3,176,270
piece_1,side_3,177,269
piece_1,side_3,177,268
piece_1,side_3,178,267
piece_1,side_3,178,266
piece_1,side_3,179,265
piece_1,side_3,179,264
piece_1,side_3,180,263
piece_1,side_3,180,262
piece_1,side_3,180,261
piece_1,side_3,180,260
piece_1,side_3,180,259
piece_1,side_3,180,258
piece_1,side_3,180,257
piece_1,side_3,180,256
piece_1,side_3,180,255
piece_1,side_3,179,254
piece_1,side_3,179,253
piece_1,side_3,178,253
piece_1,side_3,178,252
piece_1,side_3,177,252
piece_1,side_3,176,251
piece_1,side_3,175,251
piece_1,side_3,175,250
piece_1,side_3,174,250
piece_1,side_3,173,249
piece_1,side_3,172,249
piece_1,side_3,171,249
piece_1,side_3,170,249
piece_1,side_3,169,248
piece_1,side_3,168,248
piece_1,side_3,167,248
piece_1,side_3,166,248
piece_1,side_3,165,248
piece_1,side_3,164,248
piece_1,side_3,163,248
piece_1,side_3,162,248
piece_1,side_3,161,248
piece_1,side_3,160,248
piece_1,side_3,159,248
piece_1,side_3,158,248
piece_1,side_3,157,248
piece_1,side_3,156,248
piece_1,side_3,155,248
piece_1,side_3,154,248
piece_1,side_3,153,248
piece_1,side_3,152,248
piece_1,side_3,151,248
piece_1,side_3,150,248
piece_1,side_3,149,248
piece_1,side_3,148,248
piece_1,side_3,147,248
piece_1,side_3,146,248
piece_1,side_3,145,248
piece_1,side_3,144,248
piece_1,side_3,143,248
piece_1,side_3,142,248
piece_1,side_3,141,248
piece_1,side_3,140,248
piece_1,side_3,139,248
piece_1,side_3,138,248
piece_1,side_3,137,248
piece_1,side_3,136,248
piece_1,side_3,135,248
piece_1,side_3,134,248
piece_1,side_3,133,248
piece_1,side_3,132,248
piece_1,side_3,131,248
piece_1,side_3,130,249
piece_1,side_3,129,249
piece_1,side_3,128,249
piece_1,side_3,127,249
piece_1,side_3,126,249
piece_1,side_3,125,249
piece_1,side_3,124,249
piece_1,side_3,123,249
piece_1,side_3,122,249
piece_1,side_3,121,249
piece_1,side_3,120,249
piece_1,side_3,119,249
piece_1,side_3,118,249
piece_1,side_3,117,249
piece_1,side_3,116,249
piece_1,side_3,115,249
piece_1,side_3,114,249
piece_1,side_3,113,249
piece_1,side_3,112,250
piece_1,side_3,111,250
piece_1,side_3,111,251
piece_1,side_3,110,252
piece_1,side_3,110,253
piece_1,side_3,110,254
piece_2,side_0,366,254
piece_2,side_0,365,254
piece_2,side_0,364,255
piece_2,side_0,363,255
piece_2,side_0,362,256
piece_2,side_0,361,257
piece_2,side_0,361,258
piece_2,side_0,361,259
piece_2,side_0,361,260
piece_2,side_0,361,261
piece_2,side_0,361,262
piece_2,side_0,361,263
piece_2,side_0,361,264
piece_2,side_0,361,265
piece_2,side_0,361,266
piece_2,side_0,361,267
piece_2,side_0,361,268
piece_2,side_0,361,269
piece_2,side_0,361,270
piece_2,side_0,361,271
piece_2,side_0,360,272
piece_2,side_0,360,273
piece_2,side_0,360,274
piece_2,side_0,360,275
piece_2,side_0,360,276
piece_2,side_0,360,277
piece_2,side_0,360,278
piece_2,side_0,360,279
piece_2,side_0,360,280
piece_2,side_0,360,281
piece_2,side_0,360,282
piece_2,side_0,360,283
piece_2,side_0,360,284
piece_2,side_0,360,285
piece_2,side_0,360,286
piece_2,side_0,360,287
piece_2,side_0,360,288
piece_2,side_0,360,289
piece_2,side_0,360,290
piece_2,side_0,360,291
piece_2,side_0,360,292
piece_2,side_0,360,293
piece_2,side_0,360,294
piece_2,side_0,360,295
piece_2,side_0,360,296
piece_2,side_0,360,297
piece_2,side_0,360,298
piece_2,side_0,360,299
piece_2,side_0,360,300
piece_2,side_0,359,301
piece_2,side_0,359,302
piece_2,side_0,359,303
piece_2,side_0,359,304
piece_2,side_0,359,305
piece_2,side_0,359,306
piece_2,side_0,360,307
piece_2,side_0,360,308
piece_2,side_0,360,309
piece_2,side_0,360,310
piece_2,side_0,361,311
piece_2,side_0,361,312
piece_2,side_0,361,313
piece_2,side_0,362,314
piece_2,side_0,362,315
piece_2,side_0,363,315
piece_2,side_0,363,316
piece_2,side_0,364,316
piece_2,side_0,364,317
piece_2,side_0,365,317
piece_2,side_0,365,318
piece_2,side_0,366,318
piece_2,side_0,367,318
piece_2,side_0,368,318
piece_2,side_0,369,318
piece_2,side_0,370,318
piece_2,side_0,371,318
piece_2,side_0,372,318
piece_2,side_0,373,318
piece_2,side_0,374,317
piece_2,side_0,375,317
piece_2,side_0,376,317
piece_2,side_0,377,316
piece_2,side_0,378,316
piece_2,side_0,378,315
piece_2,side_0,379,315
piece_2,side_0,380,314
piece_2,side_0,381,314
piece_2,side_0,382,313
piece_2,side_0,383,313
piece_2,side_0,384,312
piece_2,side_0,385,312
piece_2,side_0,386,312
piece_2,side_0,387,312
piece_2,side_0,388,312
piece_2,side_0,389,313
piece_2,side_0,390,313
piece_2,side_0,390,314
piece_2,side_0,391,314
piece_2,side_0,391,315
piece_2,side_0,392,315
piece_2,side_0,392,316
piece_2,side_0,393,316
piece_2,side_0,393,317
piece_2,side_0,394,317
piece_2,side_0,394,318
piece_2,side_0,395,319
piece_2,side_0,395,320
piece_2,side_0,396,321
piece_2,side_0,396,322
piece_2,side_0,396,323
piece_2,side_0,396,324
piece_2,side_0,396,325
piece_2,side_0,396,326
piece_2,side_0,396,327
piece_2,side_0,396,328
piece_2,side_0,396,329
piece_2,side_0,396,330
piece_2,side_0,396,331
piece_2,side_0,396,332
piece_2,side_0,396,333
piece_2,side_0,395,334
piece_2,side_0,395,335
piece_2,side_0,394,336
piece_2,side_0,394,337
piece_2,side_0,393,338
piece_2,side_0,393,339
piece_2,side_0,392,339
piece_2,side_0,392,340
piece_2,side_0,391,340
piece_2,side_0,391,341
piece_2,side_0,390,341
piece_2,side_0,390,342
piece_2,side_0,389,342
piece_2,side_0,388,342
piece_2,side_0,387,343
piece_2,side_0,386,343
piece_2,side_0,385,343
piece_2,side_0,384,343
piece_2,side_0,383,342
piece_2,side_0,382,342
piece_2,side_0,381,342
piece_2,side_0,380,342
piece_2,side_0,379,341
piece_2,side_0,378,341
piece_2,side_0,377,340
piece_2,side_0,376,340
piece_2,side_0,375,339
piece_2,side_0,374,339
piece_2,side_0,373,338
piece_2,side_0,372,338
piece_2,side_0,371,337
piece_2,side_0,370,337
piece_2,side_0,369,336
piece_2,side_0,368,336
piece_2,side_0,367,336
piece_2,side_0,366,336
piece_2,side_0,365,336
piece_2,side_0,364,337
piece_2,side_0,363,337
piece_2,side_0,363,338
piece_2,side_0,362,338
piece_2,side_0,361,339
piece_2,side_0,360,340
piece_2,side_0,360,341
piece_2,side_0,359,341
piece_2,side_0,359,342
piece_2,side_0,358,343
piece_2,side_0,358,344
piece_2,side_0,358,345
piece_2,side_0,357,346
piece_2,side_0,357,347
piece_2,side_0,357,348
piece_2,side_0,357,349
piece_2,side_0,357,350
piece_2,side_0,357,351
piece_2,side_0,357,352
piece_2,side_0,357,353
piece_2,side_0,357,354
piece_2,side_0,356,355
piece_2,side_0,356,356
piece_2,side_0,356,357
piece_2,side_0,356,358
piece_2,side_0,356,359
piece_2,side_0,356,360
piece_2,side_0,356,361
piece_2,side_0,356,362
piece_2,side_0,356,363
piece_2,side_0,356,364
piece_2,side_0,356,365
piece_2,side_0,356,366
piece_2,side_0,356,367
piece_2,side_0,356,368
piece_2,side_0,356,369
piece_2,side_0,356,370
piece_2,side_0,356,371
piece_2,side_0,356,372
piece_2,side_0,355,373
piece_2,side_0,355,374
piece_2,side_0,355,375
piece_2,side_0,355,376
piece_2,side_0,355,377
piece_2,side_0,355,378
piece_2,side_0,355,379
piece_2,side_0,355,380
piece_2,side_0,355,381
piece_2,side_0,354,382
piece_2,side_0,354,383
piece_2,side_0,355,384
piece_2,side_0,355,385
piece_2,side_0,356,385
piece_2,side_0,357,385
piece_2,side_0,358,386
piece_2,side_0,359,386
piece_2,side_1,361,386
piece_2,side_1,362,386
piece_2,side_1,363,386
piece_2,side_1,364,386
piece_2,side_1,365,386
piece_2,side_1,366,386
piece_2,side_1,367,386
piece_2,side_1,368,386
piece_2,side_1,369,386
piece_2,side_1,370,386
piece_2,side_1,371,387
piece_2,side_1,372,387
piece_2,side_1,373,387
piece_2,side_1,374,387
piece_2,side_1,375,387
piece_2,side_1,376,387
piece_2,side_1,377,387
piece_2,side_1,378,387
piece_2,side_1,379,387
piece_2,side_1,380,387
piece_2,side_1,381,387
piece_2,side_1,382,387
piece_2,side_1,383,387
piece_2,side_1,384,387
piece_2,side_1,385,387
piece_2,side_1,386,387
piece_2,side_1,387,387
piece_2,side_1,388,387
piece_2,side_1,389,387
piece_2,side_1,390,387
piece_2,side_1,391,387
piece_2,side_1,392,387
piece_2,side_1,393,387
piece_2,side_1,394,387
piece_2,side_1,395,387
piece_2,side_1,396,387
piece_2,side_1,397,387
piece_2,side_1,398,387
piece_2,side_1,399,387
piece_2,side_1,400,387
piece_2,side_1,401,387
piece_2,side_1,402,387
piece_2,side_1,403,387
piece_2,side_1,404,387
piece_2,side_1,405,387
piece_2,side_1,406,387
piece_2,side_1,407,387
piece_2,side_1,408,387
piece_2,side_1,409,387
piece_2,side_1,410,387
piece_2,side_1,411,387
piece_2,side_1,412,387
piece_2,side_1,413,387
piece_2,side_1,414,387
piece_2,side_1,415,387
piece_2,side_1,416,387
piece_2,side_1,417,387
piece_2,side_1,418,387
piece_2,side_1,419,387
piece_2,side_1,420,387
piece_2,side_1,421,387
piece_2,side_1,422,387
piece_2,side_1,423,387
piece_2,side_1,424,387
piece_2,side_1,425,387
piece_2,side_1,426,387
piece_2,side_1,427,387
piece_2,side_1,428,387
piece_2,side_1,429,388
piece_2,side_1,430,388
piece_2,side_1,431,388
piece_2,side_1,432,388
piece_2,side_1,433,388
piece_2,side_1,434,388
piece_2,side_1,435,388
piece_2,side_1,436,388
piece_2,side_1,437,388
piece_2,side_1,438,388
piece_2,side_1,439,388
piece_2,side_1,440,388
piece_2,side_1,441,388
piece_2,side_1,442,388
piece_2,side_1,443,388
piece_2,side_1,444,388
piece_2,side_1,445,388
piece_2,side_1,446,388
piece_2,side_1,447,388
piece_2,side_1,448,388
piece_2,side_1,449,388
piece_2,side_1,450,388
piece_2,side_1,451,388
piece_2,side_1,452,388
piece_2,side_1,453,388
piece_2,side_1,454,388
piece_2,side_1,455,388
piece_2,side_1,456,388
piece_2,side_1,457,388
piece_2,side_1,458,388
piece_2,side_1,459,388
piece_2,side_1,460,388
piece_2,side_1,461,388
piece_2,side_1,462,388
piece_2,side_1,463,388
piece_2,side_1,464,388
piece_2,side_1,465,388
piece_2,side_1,466,388
piece_2,side_1,467,388
piece_2,side_1,468,388
piece_2,side_1,469,388
piece_2,side_1,470,388
piece_2,side_1,471,388
piece_2,side_1,472,388
piece_2,side_1,473,388
piece_2,side_1,474,388
piece_2,side_1,475,388
piece_2,side_1,476,388
piece_2,side_1,477,388
piece_2,side_1,478,388
piece_2,side_1,479,388
piece_2,side_1,480,389
piece_2,side_1,481,389
piece_2,side_1,482,389
piece_2,side_1,483,389
piece_2,side_1,484,389
piece_2,side_1,485,389
piece_2,side_1,486,389
piece_2,side_1,487,389
piece_2,side_1,488,389
piece_2,side_1,489,389
piece_2,side_1,490,389
piece_2,side_1,491,389
piece_2,side_1,492,389
piece_2,side_1,493,390
piece_2,side_1,494,390
piece_2,side_1,495,390
piece_2,side_1,496,390
piece_2,side_1,497,390
piece_2,side_1,498,390
piece_2,side_1,499,390
piece_2,side_1,500,390
piece_2,side_1,501,390
piece_2,side_1,502,390
piece_2,side_1,503,390
piece_2,side_1,504,390
piece_2,side_1,505,390
piece_2,side_1,506,390
piece_2,side_1,507,390
piece_2,side_1,507,389
piece_2,side_1,508,389
piece_2,side_1,508,388
piece_2,side_1,508,387
piece_2,side_1,508,386
piece_2,side_2,508,384
piece_2,side_2,508,383
piece_2,side_2,508,382
piece_2,side_2,508,381
piece_2,side_2,508,380
piece_2,side_2,508,379
piece_2,side_2,508,378
piece_2,side_2,508,377
piece_2,side_2,508,376
piece_2,side_2,509,375
piece_2,side_2,509,374
piece_2,side_2,509,373
piece_2,side_2,509,372
piece_2,side_2,509,371
piece_2,side_2,509,370
piece_2,side_2,509,369
piece_2,side_2,509,368
piece_2,side_2,509,367
piece_2,side_2,509,366
piece_2,side_2,509,365
piece_2,side_2,509,364
piece_2,side_2,509,363
piece_2,side_2,509,362
piece_2,side_2,509,361
piece_2,side_2,509,360
piece_2,side_2,509,359
piece_2,side_2,509,358
piece_2,side_2,509,357
piece_2,side_2,509,356
piece_2,side_2,509,355
piece_2,side_2,509,354
piece_2,side_2,509,353
piece_2,side_2,509,352
piece_2,side_2,509,351
piece_2,side_2,509,350
piece_2,side_2,509,349
piece_2,side_2,509,348
piece_2,side_2,509,347
piece_2,side_2,509,346
piece_2,side_2,509,345
piece_2,side_2,509,344
piece_2,side_2,509,343
piece_2,side_2,509,342
piece_2,side_2,509,341
piece_2,side_2,509,340
piece_2,side_2,508,339
piece_2,side_2,508,338
piece_2,side_2,508,337
piece_2,side_2,507,336
piece_2,side_2,507,335
piece_2,side_2,506,335
piece_2,side_2,506,334
piece_2,side_2,505,334
piece_2,side_2,504,333
piece_2,side_2,503,333
piece_2,side_2,502,333
piece_2,side_2,501,332
piece_2,side_2,500,332
piece_2,side_2,499,332
piece_2,side_2,498,333
piece_2,side_2,497,333
piece_2,side_2,496,333
piece_2,side_2,495,334
piece_2,side_2,494,334
piece_2,side_2,493,335
piece_2,side_2,492,335
piece_2,side_2,491,336
piece_2,side_2,490,336
piece_2,side_2,490,337
piece_2,side_2,489,337
piece_2,side_2,488,338
piece_2,side_2,487,338
piece_2,side_2,487,339
piece_2,side_2,486,339
piece_2,side_2,486,340
piece_2,side_2,485,340
piece_2,side_2,485,341
piece_2,side_2,484,341
piece_2,side_2,483,341
piece_2,side_2,482,341
piece_2,side_2,481,341
piece_2,side_2,480,341
piece_2,side_2,479,341
piece_2,side_2,478,340
piece_2,side_2,477,340
piece_2,side_2,476,339
piece_2,side_2,475,339
piece_2,side_2,475,338
piece_2,side_2,474,338
piece_2,side_2,474,337
piece_2,side_2,473,336
piece_2,side_2,473,335
piece_2,side_2,472,335
piece_2,side_2,472,334
piece_2,side_2,471,333
piece_2,side_2,471,332
piece_2,side_2,470,331
piece_2,side_2,470,330
piece_2,side_2,470,329
piece_2,side_2,470,328
piece_2,side_2,469,327
piece_2,side_2,469,326
piece_2,side_2,469,325
piece_2,side_2,469,324
piece_2,side_2,469,323
piece_2,side_2,469,322
piece_2,side_2,469,321
piece_2,side_2,469,320
piece_2,side_2,469,319
piece_2,side_2,469,318
piece_2,side_2,470,317
piece_2,side_2,470,316
piece_2,side_2,470,315
piece_2,side_2,471,314
piece_2,side_2,471,313
piece_2,side_2,472,312
piece_2,side_2,472,311
piece_2,side_2,473,310
piece_2,side_2,473,309
piece_2,side_2,474,309
piece_2,side_2,474,308
piece_2,side_2,475,308
piece_2,side_2,475,307
piece_2,side_2,476,307
piece_2,side_2,476,306
piece_2,side_2,477,306
piece_2,side_2,478,305
piece_2,side_2,479,305
piece_2,side_2,479,304
piece_2,side_2,480,304
piece_2,side_2,481,303
piece_2,side_2,482,303
piece_2,side_2,483,303
piece_2,side_2,484,304
piece_2,side_2,485,304
piece_2,side_2,485,305
piece_2,side_2,486,305
piece_2,side_2,486,306
piece_2,side_2,487,306
piece_2,side_2,487,307
piece_2,side_2,488,307
piece_2,side_2,488,308
piece_2,side_2,489,308
piece_2,side_2,490,309
piece_2,side_2,491,309
piece_2,side_2,491,310
piece_2,side_2,492,310
piece_2,side_2,492,311
piece_2,side_2,493,311
piece_2,side_2,494,312
piece_2,side_2,495,312
piece_2,side_2,496,313
piece_2,side_2,497,313
piece_2,side_2,498,313
piece_2,side_2,499,313
piece_2,side_2,500,314
piece_2,side_2,501,314
piece_2,side_2,502,314
piece_2,side_2,503,313
piece_2,side_2,504,313
piece_2,side_2,505,313
piece_2,side_2,505,312
piece_2,side_2,506,312
piece_2,side_2,506,311
piece_2,side_2,507,311
piece_2,side_2,507,310
piece_2,side_2,508,310
piece_2,side_2,508,309
piece_2,side_2,509,309
piece_2,side_2,509,308
piece_2,side_2,509,307
piece_2,side_2,509,306
piece_2,side_2,509,305
piece_2,side_2,509,304
piece_2,side_2,509,303
piece_2,side_2,509,302
piece_2,side_2,509,301
piece_2,side_2,509,300
piece_2,side_2,510,299
piece_2,side_2,510,298
piece_2,side_2,510,297
piece_2,side_2,510,296
piece_2,side_2,510,295
piece_2,side_2,510,294
piece_2,side_2,510,293
piece_2,side_2,510,292
piece_2,side_2,510,291
piece_2,side_2,510,290
piece_2,side_2,510,289
piece_2,side_2,510,288
piece_2,side_2,510,287
piece_2,side_2,510,286
piece_2,side_2,510,285
piece_2,side_2,510,284
piece_2,side_2,510,283
piece_2,side_2,510,282
piece_2,side_2,510,281
piece_2,side_2,510,280
piece_2,side_2,510,279
piece_2,side_2,510,278
piece_2,side_2,510,277
piece_2,side_2,510,276
piece_2,side_2,510,275
piece_2,side_2,510,274
piece_2,side_2,510,273
piece_2,side_2,510,272
piece_2,side_2,510,271
piece_2,side_2,510,270
piece_2,side_2,510,269
piece_2,side_2,510,268
piece_2,side_2,510,267
piece_2,side_2,510,266
piece_2,side_2,510,265
piece_2,side_2,510,264
piece_2,side_2,509,264
piece_2,side_2,508,263
piece_2,side_2,507,263
piece_2,side_2,506,263
piece_2,side_3,504,263
piece_2,side_3,503,263
piece_2,side_3,502,263
piece_2,side_3,501,263
piece_2,side_3,500,263
piece_2,side_3,499,263
piece_2,side_3,498,263
piece_2,side_3,497,263
piece_2,side_3,496,262
piece_2,side_3,495,262
piece_2,side_3,494,262
piece_2,side_3,493,262
piece_2,side_3,492,262
piece_2,side_3,491,263
piece_2,side_3,490,263
piece_2,side_3,489,263
piece_2,side_3,488,263
piece_2,side_3,487,264
piece_2,side_3,486,264
piece_2,side_3,485,265
piece_2,side_3,485,266
piece_2,side_3,485,267
piece_2,side_3,484,267
piece_2,side_3,483,267
piece_2,side_3,482,267
piece_2,side_3,481,267
piece_2,side_3,480,267
piece_2,side_3,479,267
piece_2,side_3,478,268
piece_2,side_3,477,268
piece_2,side_3,477,269
piece_2,side_3,476,269
piece_2,side_3,475,269
piece_2,side_3,474,269
piece_2,side_3,473,269
piece_2,side_3,473,270
piece_2,side_3,472,271
piece_2,side_3,471,271
piece_2,side_3,470,272
piece_2,side_3,469,272
piece_2,side_3,468,272
piece_2,side_3,468,271
piece_2,side_3,467,270
piece_2,side_3,467,269
piece_2,side_3,466,269
piece_2,side_3,466,268
piece_2,side_3,466,267
piece_2,side_3,467,267
piece_2,side_3,468,267
piece_2,side_3,469,267
piece_2,side_3,470,267
piece_2,side_3,471,267
piece_2,side_3,472,267
piece_2,side_3,473,267
piece_2,side_3,473,266
piece_2,side_3,473,265
piece_2,side_3,473,264
piece_2,side_3,472,264
piece_2,side_3,471,263
piece_2,side_3,470,263
piece_2,side_3,469,263
piece_2,side_3,468,263
piece_2,side_3,467,263
piece_2,side_3,466,263
piece_2,side_3,465,263
piece_2,side_3,464,263
piece_2,side_3,463,263
piece_2,side_3,462,263
piece_2,side_3,461,263
piece_2,side_3,460,263
piece_2,side_3,459,262
piece_2,side_3,458,262
piece_2,side_3,457,262
piece_2,side_3,457,261
piece_2,side_3,457,260
piece_2,side_3,457,259
piece_2,side_3,458,258
piece_2,side_3,458,257
piece_2,side_3,459,257
piece_2,side_3,459,256
piece_2,side_3,460,255
piece_2,side_3,460,254
piece_2,side_3,461,254
piece_2,side_3,461,253
piece_2,side_3,462,253
piece_2,side_3,462,252
piece_2,side_3,463,251
piece_2,side_3,463,250
piece_2,side_3,463,249
piece_2,side_3,464,248
piece_2,side_3,464,247
piece_2,side_3,464,246
piece_2,side_3,464,245
piece_2,side_3,464,244
piece_2,side_3,464,243
piece_2,side_3,464,242
piece_2,side_3,464,241
piece_2,side_3,464,240
piece_2,side_3,463,239
piece_2,side_3,463,238
piece_2,side_3,462,237
piece_2,side_3,462,236
piece_2,side_3,461,236
piece_2,side_3,461,235
piece_2,side_3,460,235
piece_2,side_3,459,234
piece_2,side_3,458,234
piece_2,side_3,458,233
piece_2,side_3,457,233
piece_2,side_3,456,232
piece_2,side_3,455,232
piece_2,side_3,454,232
piece_2,side_3,453,231
piece_2,side_3,452,231
piece_2,side_3,451,231
piece_2,side_3,450,230
piece_2,side_3,449,230
piece_2,side_3,448,230
piece_2,side_3,447,230
piece_2,side_3,446,230
piece_2,side_3,445,230
piece_2,side_3,444,230
piece_2,side_3,443,229
piece_2,side_3,442,229
piece_2,side_3,440,230
piece_2,side_3,439,230
piece_2,side_3,438,230
piece_2,side_3,437,230
piece_2,side_3,436,230
piece_2,side_3,435,230
piece_2,side_3,434,230
piece_2,side_3,433,230
piece_2,side_3,432,231
piece_2,side_3,431,231
piece_2,side_3,430,231
piece_2,side_3,429,231
piece_2,side_3,428,232
piece_2,side_3,427,232
piece_2,side_3,426,232
piece_2,side_3,425,233
piece_2,side_3,424,233
piece_2,side_3,424,234
piece_2,side_3,423,234
piece_2,side_3,422,235
piece_2,side_3,421,235
piece_2,side_3,421,236
piece_2,side_3,420,237
piece_2,side_3,420,238
piece_2,side_3,419,238
piece_2,side_3,419,239
piece_2,side_3,418,240
piece_2,side_3,418,241
piece_2,side_3,417,242
piece_2,side_3,418,243
piece_2,side_3,418,244
piece_2,side_3,418,245
piece_2,side_3,419,246
piece_2,side_3,419,247
piece_2,side_3,420,248
piece_2,side_3,420,249
piece_2,side_3,421,250
piece_2,side_3,421,251
piece_2,side_3,422,251
piece_2,side_3,422,252
piece_2,side_3,423,253
piece_2,side_3,423,254
piece_2,side_3,424,254
piece_2,side_3,424,255
piece_2,side_3,425,256
piece_2,side_3,425,257
piece_2,side_3,425,258
piece_2,side_3,425,259
piece_2,side_3,425,260
piece_2,side_3,424,260
piece_2,side_3,423,260
piece_2,side_3,422,260
piece_2,side_3,421,260
piece_2,side_3,420,260
piece_2,side_3,419,260
piece_2,side_3,418,260
piece_2,side_3,417,260
piece_2,side_3,416,260
piece_2,side_3,415,260
piece_2,side_3,414,260
piece_2,side_3,413,260
piece_2,side_3,412,260
piece_2,side_3,411,260
piece_2,side_3,410,260
piece_2,side_3,409,260
piece_2,side_3,408,260
piece_2,side_3,407,259
piece_2,side_3,406,259
piece_2,side_3,405,259
piece_2,side_3,404,259
piece_2,side_3,403,259
piece_2,side_3,402,259
piece_2,side_3,401,259
piece_2,side_3,400,258
piece_2,side_3,399,258
piece_2,side_3,398,258
piece_2,side_3,397,258
piece_2,side_3,396,258
piece_2,side_3,395,258
piece_2,side_3,394,258
piece_2,side_3,393,258
piece_2,side_3,392,258
piece_2,side_3,391,258
piece_2,side_3,390,257
piece_2,side_3,389,257
piece_2,side_3,388,257
piece_2,side_3,387,257
piece_2,side_3,386,257
piece_2,side_3,385,257
piece_2,side_3,384,256
piece_2,side_3,383,256
piece_2,side_3,382,256
piece_2,side_3,381,256
piece_2,side_3,380,256
piece_2,side_3,379,256
piece_2,side_3,378,256
piece_2,side_3,377,256
piece_2,side_3,376,256
piece_2,side_3,375,256
piece_2,side_3,374,255
piece_2,side_3,373,255
piece_2,side_3,372,255
piece_2,side_3,371,255
piece_2,side_3,370,255
piece_2,side_3,369,255
piece_2,side_3,368,255
